index	baseline_x	baseline_y	left	top	width	height	bidi	text_start	text_length	family
0	0	30.4746094	2	-21	105	22	0	0	9	Segoe UI
1	116.074219	30.4746094	2	-23	54	28	0	9	6	Microsoft YaHei UI
2	172.074219	30.4746094	0	0	0	0	0	15	1	Segoe UI
3	179.744141	30.4746094	5	-23	80	28	0	16	9	Microsoft YaHei UI
4	263.744141	30.4746094	1	0	0	0	0	25	1	Segoe UI
5	271.414062	30.4746094	2	-24	78	27	0	26	9	Malgun Gothic
6	355.414062	30.4746094	0	0	0	0	0	35	1	Segoe UI
7	363.083984	30.4746094	1	-23	26	26	0	36	4	SimSun-ExtB
8	391.083984	30.4746094	0	0	0	0	0	40	1	Segoe UI
9	398.753906	30.4746094	5	-25	30	31	0	41	4	Segoe UI Emoji
10	0	67.8125	2	-26	251	27	0	46	28	Segoe UI
11	261.884766	67.8125	3	-21	110	28	0	74	16	Segoe UI
12	0	105.054688	0	-21	83	22	0	91	8	Segoe UI
13	169.107422	105.054688	-75	-21	73	28	1	99	14	Segoe UI
14	169.107422	105.054688	7	-9	29	2	0	113	5	Segoe UI
15	212.447266	105.054688	3	-21	98	22	0	118	8	Segoe UI
16	398.166016	105.054688	-76	-17	74	19	1	126	10	Segoe UI
17	0	142.296875	2	-21	142	28	0	137	12	Segoe UI
18	153.015625	142.296875	-1	-29	59	33	0	149	18	Nirmala UI
19	210.054688	142.296875	7	-9	29	3	0	167	5	Segoe UI
20	253.394531	142.296875	1	-21	56	22	0	172	6	Segoe UI
21	318.677734	142.296875	1	-26	99	27	0	178	21	Leelawadee UI
